Datetime,Water Level (m)
2026-01-27 18:00:00,-0.23726383
2026-01-27 19:00:00,-0.4381066
2026-01-27 20:00:00,-0.6101117
2026-01-27 21:00:00,-0.7255941
2026-01-27 22:00:00,-0.6984618
2026-01-27 23:00:00,-0.5186997
2026-01-28 00:00:00,-0.30964005
2026-01-28 01:00:00,-0.09335816
2026-01-28 02:00:00,0.0689012
2026-01-28 03:00:00,0.09735675
2026-01-28 04:00:00,-0.06971097
2026-01-28 05:00:00,-0.26637188
2026-01-28 06:00:00,-0.46716478
2026-01-28 07:00:00,-0.6617158
2026-01-28 08:00:00,-0.84189844
2026-01-28 09:00:00,-0.99186134
2026-01-28 10:00:00,-1.0385113
2026-01-28 11:00:00,-0.8545093
2026-01-28 12:00:00,-0.6102267
2026-01-28 13:00:00,-0.3101573
2026-01-28 14:00:00,0.0039489986
2026-01-28 15:00:00,0.29322278
2026-01-28 16:00:00,0.43541735
2026-01-28 17:00:00,0.3291125
2026-01-28 18:00:00,0.10637321
2026-01-28 19:00:00,-0.110318504
2026-01-28 20:00:00,-0.3233174
2026-01-28 21:00:00,-0.524818
2026-01-28 22:00:00,-0.701039
2026-01-28 23:00:00,-0.8081529
2026-01-29 00:00:00,-0.7118009
2026-01-29 01:00:00,-0.4980205
2026-01-29 02:00:00,-0.26224223
2026-01-29 03:00:00,-0.04252046
2026-01-29 04:00:00,0.0909448
2026-01-29 05:00:00,0.033475075
2026-01-29 06:00:00,-0.16000113
2026-01-29 07:00:00,-0.36022848
2026-01-29 08:00:00,-0.56085604
2026-01-29 09:00:00,-0.75875664
2026-01-29 10:00:00,-0.94105685
2026-01-29 11:00:00,-1.0708816
2026-01-29 12:00:00,-0.9821708
2026-01-29 13:00:00,-0.7275602
2026-01-29 14:00:00,-0.40968958
2026-01-29 15:00:00,-0.04905241
2026-01-29 16:00:00,0.2992223
2026-01-29 17:00:00,0.512493
2026-01-29 18:00:00,0.47101337
2026-01-29 19:00:00,0.23663631
2026-01-29 20:00:00,0.0019074299
2026-01-29 21:00:00,-0.23628563
2026-01-29 22:00:00,-0.46736157
2026-01-29 23:00:00,-0.6822201
2026-01-30 00:00:00,-0.8568672
2026-01-30 01:00:00,-0.9141164
2026-01-30 02:00:00,-0.7000778
2026-01-30 03:00:00,-0.43724474
2026-01-30 04:00:00,-0.15128367
2026-01-30 05:00:00,0.07264901
2026-01-30 06:00:00,0.14313906
2026-01-30 07:00:00,-0.04262091
2026-01-30 08:00:00,-0.26404443
2026-01-30 09:00:00,-0.48738962
2026-01-30 10:00:00,-0.7065189
2026-01-30 11:00:00,-0.90857846
2026-01-30 12:00:00,-1.0701481
2026-01-30 13:00:00,-1.0436717
2026-01-30 14:00:00,-0.7811396
2026-01-30 15:00:00,-0.456701
2026-01-30 16:00:00,-0.07131195
2026-01-30 17:00:00,0.32324946
2026-01-30 18:00:00,0.5901501
2026-01-30 19:00:00,0.5883138
2026-01-30 20:00:00,0.34270757
2026-01-30 21:00:00,0.07729229
2026-01-30 22:00:00,-0.18589902
2026-01-30 23:00:00,-0.44457266
2026-01-31 00:00:00,-0.68781114
2026-01-31 01:00:00,-0.8957293
2026-01-31 02:00:00,-0.9938355
2026-01-31 03:00:00,-0.7640294
2026-01-31 04:00:00,-0.4718028
2026-01-31 05:00:00,-0.140085
2026-01-31 06:00:00,0.14541364
2026-01-31 07:00:00,0.2588754
2026-01-31 08:00:00,0.06389134
2026-01-31 09:00:00,-0.18378404
2026-01-31 10:00:00,-0.4276818
2026-01-31 11:00:00,-0.6641304
2026-01-31 12:00:00,-0.8887217
2026-01-31 13:00:00,-1.0740318
2026-01-31 14:00:00,-1.0897584
2026-01-31 15:00:00,-0.8095327
2026-01-31 16:00:00,-0.46253324
2026-01-31 17:00:00,-0.039177086
2026-01-31 18:00:00,0.39711285
2026-01-31 19:00:00,0.67744535
2026-01-31 20:00:00,0.6559785
2026-01-31 21:00:00,0.37468627
2026-01-31 22:00:00,0.088014886
2026-01-31 23:00:00,-0.19068348
2026-02-01 00:00:00,-0.46333978
2026-02-01 01:00:00,-0.72069836
2026-02-01 02:00:00,-0.9415115
2026-02-01 03:00:00,-1.0203317
2026-02-01 04:00:00,-0.74829465
2026-02-01 05:00:00,-0.42077628
2026-02-01 06:00:00,-0.04802914
2026-02-01 07:00:00,0.28138748
2026-02-01 08:00:00,0.36405477
2026-02-01 09:00:00,0.11933638
2026-02-01 10:00:00,-0.14283533
2026-02-01 11:00:00,-0.4010486
2026-02-01 12:00:00,-0.65103996
2026-02-01 13:00:00,-0.88351
2026-02-01 14:00:00,-1.0766174
2026-02-01 15:00:00,-1.0644398
2026-02-01 16:00:00,-0.762135
2026-02-01 17:00:00,-0.38322243
2026-02-01 18:00:00,0.06431784
2026-02-01 19:00:00,0.5278789
2026-02-01 20:00:00,0.78556204
2026-02-01 21:00:00,0.6515399
2026-02-01 22:00:00,0.34977302
2026-02-01 23:00:00,0.050358325
2026-02-02 00:00:00,-0.2405327
2026-02-02 01:00:00,-0.52117175
2026-02-02 02:00:00,-0.7828245
2026-02-02 03:00:00,-0.9979
2026-02-02 04:00:00,-0.9828268
2026-02-02 05:00:00,-0.6677483
2026-02-02 06:00:00,-0.2949863
2026-02-02 07:00:00,0.10332296
2026-02-02 08:00:00,0.42703986
2026-02-02 09:00:00,0.3905484
2026-02-02 10:00:00,0.11916226
2026-02-02 11:00:00,-0.14689548
2026-02-02 12:00:00,-0.40973365
2026-02-02 13:00:00,-0.6653437
2026-02-02 14:00:00,-0.8998267
2026-02-02 15:00:00,-1.0814494
2026-02-02 16:00:00,-0.9828302
2026-02-02 17:00:00,-0.65952766
2026-02-02 18:00:00,-0.23928916
